Temperature (°C),Length Change (cm),Material Density (g/cm³)
20.0,-0.0011772993509770735,7.85
20.0,0.002724929046901675,7.85
20.0,-0.0003639002148196188,7.85
20.0,0.0006341642018517418,7.85
20.0,-0.0005859011036116368,7.85
20.0,0.0008516211280005817,7.85
20.0,-0.0003415873962706768,7.85
20.0,-0.000828318173106968,7.85
20.0,0.0005153698980850465,7.85
20.0,-0.0007315377296410409,7.85
20.0,0.000988800889404417,7.85
20.0,-0.001678928558355119,7.85
20.0,-0.0018550682377799941,7.85
20.0,-0.0006523848617120853,7.85
20.0,8.150456824876439e-05,7.85
20.0,-0.0005269161978605745,7.85
20.0,-0.00015055853528986616,7.85
20.0,0.0003521236405671921,7.85
20.0,0.001622347934247766,7.85
20.0,0.00011388060199460214,7.85
20.0,-0.00047457211358693964,7.85
20.0,0.00048263653092776545,7.85
20.0,-0.0008931225815980231,7.85
20.0,0.0031623205273535594,7.85
20.0,0.00080547275391268,7.85
30.0,0.013772549397623365,7.85
30.0,0.011937003208088003,7.85
30.0,0.01380554961941741,7.85
30.0,0.012532166732958785,7.85
30.0,0.012305294926666828,7.85
30.0,0.011884256427538212,7.85
30.0,0.011752824770352981,7.85
30.0,0.01071642626618327,7.85
30.0,0.013461935362758946,7.85
30.0,0.012805293344948692,7.85
30.0,0.012554846604336313,7.85
30.0,0.010877958750108507,7.85
30.0,0.012265869084011758,7.85
30.0,0.012138498486155901,7.85
30.0,0.012519146408848708,7.85
30.0,0.012553805645708249,7.85
30.0,0.013376796473995358,7.85
30.0,0.011854167009066116,7.85
30.0,0.014045805466944894,7.85
30.0,0.012505534880289333,7.85
30.0,0.01317886392435,7.85
30.0,0.011521808316301877,7.85
30.0,0.01129890549461164,7.85
30.0,0.011578875388191951,7.85
30.0,0.011049352652313323,7.85
40.0,0.02180038804159147,7.85
40.0,0.024236811060555807,7.85
40.0,0.023415655383744242,7.85
40.0,0.023153462747158276,7.85
40.0,0.023360598934314275,7.85
40.0,0.025646362367769935,7.85
40.0,0.02348807173514711,7.85
40.0,0.0231993134975401,7.85
40.0,0.026328076094849363,7.85
40.0,0.02378760691516668,7.85
40.0,0.024651526029542452,7.85
40.0,0.023403967387696803,7.85
40.0,0.023250800864484892,7.85
40.0,0.02379223281227123,7.85
40.0,0.025135698987466988,7.85
40.0,0.023811103182039946,7.85
40.0,0.023505682028521397,7.85
40.0,0.02350027457571477,7.85
40.0,0.023346965702817232,7.85
40.0,0.024849529753771808,7.85
40.0,0.024294727490106586,7.85
40.0,0.02342217068687567,7.85
40.0,0.023276629119682823,7.85
40.0,0.025015706197519135,7.85
40.0,0.024874035489527276,7.85
50.0,0.036979855547861276,7.85
50.0,0.034562030544566434,7.85
50.0,0.035466710406301234,7.85
50.0,0.03667525415852209,7.85
50.0,0.035375754617475524,7.85
50.0,0.036347040587864074,7.85
50.0,0.035863525719354285,7.85
50.0,0.03443032657110057,7.85
50.0,0.03528838404018008,7.85
50.0,0.03643331412966777,7.85
50.0,0.03509074710092769,7.85
50.0,0.0353798972457646,7.85
50.0,0.03588024137977476,7.85
50.0,0.035484905033530335,7.85
50.0,0.035492816844475736,7.85
50.0,0.034991735897459054,7.85
50.0,0.03508866752892402,7.85
50.0,0.03578593977381918,7.85
50.0,0.03610401598718858,7.85
50.0,0.03601435310837277,7.85
50.0,0.03494624607894745,7.85
50.0,0.03644446235690225,7.85
50.0,0.03668819885441398,7.85
50.0,0.03668109526616791,7.85
50.0,0.03590662703774948,7.85
60.0,0.04870463278071518,7.85
60.0,0.04775562976666473,7.85
60.0,0.04654880378052546,7.85
60.0,0.04812374935262888,7.85
60.0,0.047640250623602776,7.85
60.0,0.048302294801721525,7.85
60.0,0.04811449210518935,7.85
60.0,0.047242533768219866,7.85
60.0,0.04918658358872032,7.85
60.0,0.04847665185763013,7.85
60.0,0.04715448203022947,7.85
60.0,0.04665305025025766,7.85
60.0,0.04783493371634343,7.85
60.0,0.04942986124836957,7.85
60.0,0.049222835884370236,7.85
60.0,0.04931784927569197,7.85
60.0,0.04718836111970006,7.85
60.0,0.04721167639097911,7.85
60.0,0.04838881403683718,7.85
60.0,0.04955672117830593,7.85
60.0,0.04691838264384332,7.85
60.0,0.04712118026175216,7.85
60.0,0.04767035692317064,7.85
60.0,0.048440361044331796,7.85
60.0,0.048331094250558385,7.85
70.0,0.06105371973797051,7.85
70.0,0.059832882226708545,7.85
70.0,0.059974425857944075,7.85
70.0,0.06013605472211613,7.85
70.0,0.059145037463943936,7.85
70.0,0.05835456574141295,7.85
70.0,0.060154805452311604,7.85
70.0,0.05963907163982031,7.85
70.0,0.06012402199866301,7.85
70.0,0.05946716646068635,7.85
70.0,0.06066205067887434,7.85
70.0,0.05894707115391194,7.85
70.0,0.061143791165084324,7.85
70.0,0.05871667992062272,7.85
70.0,0.061091063922588895,7.85
70.0,0.06009488988847893,7.85
70.0,0.060010789223334755,7.85
70.0,0.05909721054011752,7.85
70.0,0.060312029714385505,7.85
70.0,0.05994981069422413,7.85
70.0,0.061413634267724816,7.85
70.0,0.060715378486896496,7.85
70.0,0.060347194268068026,7.85
70.0,0.06099735672616876,7.85
70.0,0.05923838376477152,7.85
80.0,0.07146750597090792,7.85
80.0,0.07289444598744749,7.85
80.0,0.07353280753660896,7.85
80.0,0.07337486800629278,7.85
80.0,0.07218282047186958,7.85
80.0,0.07151051273355274,7.85
80.0,0.07047555792709151,7.85
80.0,0.06918546493457164,7.85
80.0,0.07310320935046354,7.85
80.0,0.07126619982720686,7.85
80.0,0.07280635814434268,7.85
80.0,0.07277756796788513,7.85
80.0,0.07177506881007271,7.85
80.0,0.0711620350468123,7.85
80.0,0.07167775097354573,7.85
80.0,0.06982116637861073,7.85
80.0,0.07228210884523427,7.85
80.0,0.07197706349634585,7.85
80.0,0.07131258382991344,7.85
80.0,0.07204252054575294,7.85
80.0,0.07144969701523435,7.85
80.0,0.07197957086535742,7.85
80.0,0.0719301668597696,7.85
80.0,0.07097619865342332,7.85
80.0,0.07260121387104589,7.85
90.0,0.08344916913317417,7.85
90.0,0.08483856385293914,7.85
90.0,0.08513920244697278,7.85
90.0,0.08449908931515418,7.85
90.0,0.08318395223362536,7.85
90.0,0.08408660417341145,7.85
90.0,0.08422169057105658,7.85
90.0,0.08530008219863136,7.85
90.0,0.083720044981945,7.85
90.0,0.0838409947364074,7.85
90.0,0.08486661960021054,7.85
90.0,0.0837570396894536,7.85
90.0,0.08308941086847281,7.85
90.0,0.08147134723318043,7.85
90.0,0.08405069833556586,7.85
90.0,0.08268682071413698,7.85
90.0,0.08449817201493284,7.85
90.0,0.08374366047952658,7.85
90.0,0.08398239421727605,7.85
90.0,0.08272899807806493,7.85
90.0,0.08476059321744651,7.85
90.0,0.08493290410341262,7.85
90.0,0.08315620041174003,7.85
90.0,0.08288397213807638,7.85
90.0,0.08251352642132571,7.85
100.0,0.0962538058492308,7.85
100.0,0.09685076484004805,7.85
100.0,0.09573548645874799,7.85
100.0,0.09814820297623929,7.85
100.0,0.09613827213800916,7.85
100.0,0.09591861744317574,7.85
100.0,0.09589021968683145,7.85
100.0,0.09601675706414323,7.85
100.0,0.09588015736600292,7.85
100.0,0.09652852430155981,7.85
100.0,0.09590724260001554,7.85
100.0,0.09503498774730824,7.85
100.0,0.09569398231222946,7.85
100.0,0.09664299646099891,7.85
100.0,0.09635630674183368,7.85
100.0,0.09621424118146062,7.85
100.0,0.09760190205520311,7.85
100.0,0.09706581049746937,7.85
100.0,0.0960419279329005,7.85
100.0,0.09834914936331392,7.85
100.0,0.09683882242489349,7.85
100.0,0.09581759970460141,7.85
100.0,0.09604797069480175,7.85
100.0,0.09633902063804263,7.85
100.0,0.09562772149044298,7.85
110.0,0.10627798082231604,7.85
110.0,0.10739517228443399,7.85
110.0,0.10795407985735037,7.85
110.0,0.10806134722644078,7.85
110.0,0.10819390592297846,7.85
110.0,0.10818282116415857,7.85
110.0,0.10854294019908665,7.85
110.0,0.10709755080020675,7.85
110.0,0.10725061722998862,7.85
110.0,0.10894013874879793,7.85
110.0,0.1074775743079557,7.85
110.0,0.10723919927765363,7.85
110.0,0.10949605605999949,7.85
110.0,0.1092828066551963,7.85
110.0,0.10805591047030065,7.85
110.0,0.1070837017930112,7.85
110.0,0.10566737694229805,7.85
110.0,0.10920502326518934,7.85
110.0,0.10733125528840672,7.85
110.0,0.10848349294869769,7.85
110.0,0.10917574325590736,7.85
110.0,0.10811498666290627,7.85
110.0,0.1081425006690285,7.85
110.0,0.10828161898680685,7.85
110.0,0.10807453657363748,7.85
120.0,0.12015407076731198,7.85
120.0,0.11988957894467833,7.85
120.0,0.11815289737192738,7.85
120.0,0.12107473977491039,7.85
120.0,0.1204517429561888,7.85
120.0,0.12083229732844597,7.85
120.0,0.12072243445215307,7.85
120.0,0.12224237959029587,7.85
120.0,0.11974215482306798,7.85
120.0,0.12231691650594742,7.85
120.0,0.12036977028732944,7.85
120.0,0.12024683949028145,7.85
120.0,0.12140153190741461,7.85
120.0,0.11965551870464623,7.85
120.0,0.1221193640930869,7.85
120.0,0.12074183370301703,7.85
120.0,0.11947930967340502,7.85
120.0,0.12071598550136715,7.85
120.0,0.11950585730413804,7.85
120.0,0.11859910977638673,7.85
120.0,0.12011604263625668,7.85
120.0,0.11917124829248141,7.85
120.0,0.12074838422630166,7.85
120.0,0.11982108808363379,7.85
120.0,0.121181161564888,7.85
20.0,-0.0005522156893683634,2.7
20.0,0.0001237217802690264,2.7
20.0,-2.19321643302806e-05,2.7
20.0,-0.0007169043272620249,2.7
20.0,-0.00023377545498600797,2.7
20.0,-0.00021828264493190536,2.7
20.0,-0.0012953614131420632,2.7
20.0,0.00013370331782605816,2.7
20.0,5.510822282538823e-05,2.7
20.0,0.0007036093333104203,2.7
20.0,3.9343684335283366e-05,2.7
20.0,-0.001809123205073746,2.7
20.0,0.001811353643213967,2.7
20.0,0.0006917449787674471,2.7
20.0,0.00022736993472013975,2.7
20.0,0.0006871825718178033,2.7
20.0,-0.0008830947531514837,2.7
20.0,0.0012881664569770147,2.7
20.0,0.0010256965891094676,2.7
20.0,-0.0001153086039501288,2.7
20.0,0.00219865913168321,2.7
20.0,0.00031093138201792854,2.7
20.0,-0.0004633247657312553,2.7
20.0,3.228373284331846e-05,2.7
20.0,0.0021288138437028916,2.7
30.0,0.022868270298615004,2.7
30.0,0.02166508097148445,2.7
30.0,0.02205327980386881,2.7
30.0,0.025252145856506574,2.7
30.0,0.025647834123855344,2.7
30.0,0.022672700733922913,2.7
30.0,0.02563864686155972,2.7
30.0,0.024663584244888598,2.7
30.0,0.023050911748937235,2.7
30.0,0.02394626683736987,2.7
30.0,0.024524817021177033,2.7
30.0,0.024645914280726027,2.7
30.0,0.024410271289573786,2.7
30.0,0.024428828944741004,2.7
30.0,0.024693349816213118,2.7
30.0,0.024154855531553037,2.7
30.0,0.023143716815875973,2.7
30.0,0.025491365074106962,2.7
30.0,0.02183876739363948,2.7
30.0,0.02348835927955628,2.7
30.0,0.02290702271187713,2.7
30.0,0.025556432080330857,2.7
30.0,0.02277203894619653,2.7
30.0,0.024433655337219053,2.7
30.0,0.0231422056948937,2.7
40.0,0.046901294008804904,2.7
40.0,0.04666846474726498,2.7
40.0,0.04731453182613226,2.7
40.0,0.048604844384067425,2.7
40.0,0.0495407817863088,2.7
40.0,0.04873188606745862,2.7
40.0,0.04767465284868611,2.7
40.0,0.04662585938796029,2.7
40.0,0.04893276802541508,2.7
40.0,0.050370509576344674,2.7
40.0,0.04754771624339029,2.7
40.0,0.04915885661822269,2.7
40.0,0.04782666615531227,2.7
40.0,0.04619588773046866,2.7
40.0,0.0494257549614206,2.7
40.0,0.049314345756122556,2.7
40.0,0.048790074783607855,2.7
40.0,0.0485829472067488,2.7
40.0,0.048591027049694216,2.7
40.0,0.048341614943475594,2.7
40.0,0.04817823997652029,2.7
40.0,0.047736152118710885,2.7
40.0,0.04706979234300216,2.7
40.0,0.05027727719134276,2.7
40.0,0.048369482469131475,2.7
50.0,0.07105989150779073,2.7
50.0,0.07175542583976476,2.7
50.0,0.07249685292285056,2.7
50.0,0.07125064231903219,2.7
50.0,0.07097142180272739,2.7
50.0,0.07218165657912097,2.7
50.0,0.07319202026968447,2.7
50.0,0.0720444921504931,2.7
50.0,0.07283913565762985,2.7
50.0,0.07220969698184351,2.7
50.0,0.07164446621631997,2.7
50.0,0.07068526774533952,2.7
50.0,0.07227894215772296,2.7
50.0,0.07114673005848435,2.7
50.0,0.0724685910013234,2.7
50.0,0.07187109077333735,2.7
50.0,0.0706183233092585,2.7
50.0,0.07192587588853262,2.7
50.0,0.0740797686482847,2.7
50.0,0.07254753197454002,2.7
50.0,0.07207856109910855,2.7
50.0,0.0719282878878529,2.7
50.0,0.07057904758162162,2.7
50.0,0.07134001672094452,2.7
50.0,0.07180738945174672,2.7
60.0,0.09477025061309863,2.7
60.0,0.09491226592639194,2.7
60.0,0.09430726408077934,2.7
60.0,0.09561975734386333,2.7
60.0,0.09452914535782674,2.7
60.0,0.09669137523383364,2.7
60.0,0.09516061997327974,2.7
60.0,0.09638115931035514,2.7
60.0,0.09710795198261676,2.7
60.0,0.09455771548865764,2.7
60.0,0.09700137825999793,2.7
60.0,0.09607772920796047,2.7
60.0,0.09536661411455746,2.7
60.0,0.09554826608744368,2.7
60.0,0.09532379810652394,2.7
60.0,0.09673906516844727,2.7
60.0,0.09610542570674233,2.7
60.0,0.09743269162280926,2.7
60.0,0.09487301611257967,2.7
60.0,0.09621566262719781,2.7
60.0,0.09768176882294237,2.7
60.0,0.09526373017631112,2.7
60.0,0.09602847499613971,2.7
60.0,0.0950066896425813,2.7
60.0,0.09773841327385113,2.7
70.0,0.12031719314252187,2.7
70.0,0.11836091710809492,2.7
70.0,0.12009799492223742,2.7
70.0,0.11932176293590674,2.7
70.0,0.12082069299977016,2.7
70.0,0.12000781847176019,2.7
70.0,0.12042658735810292,2.7
70.0,0.12125216714476375,2.7
70.0,0.12021839851784341,2.7
70.0,0.12166207344515571,2.7
70.0,0.12047659270584204,2.7
70.0,0.12095339939219729,2.7
70.0,0.11977897326769574,2.7
70.0,0.1202126426707928,2.7
70.0,0.1200879471209688,2.7
70.0,0.11925934785656464,2.7
70.0,0.1196918159849931,2.7
70.0,0.11885416439046703,2.7
70.0,0.11981110111596109,2.7
70.0,0.11884515825241766,2.7
70.0,0.11959024584033026,2.7
70.0,0.1205124448713617,2.7
70.0,0.12012559651579044,2.7
70.0,0.11904353172614322,2.7
70.0,0.12078162579877,2.7
80.0,0.14306087592792815,2.7
80.0,0.1434420983537646,2.7
80.0,0.14196779430260445,2.7
80.0,0.14577054694747288,2.7
80.0,0.14442598989388936,2.7
80.0,0.1445842346578375,2.7
80.0,0.14556236829196326,2.7
80.0,0.1425635551397706,2.7
80.0,0.14401826494574815,2.7
80.0,0.14299890293199394,2.7
80.0,0.14440619538390442,2.7
80.0,0.14490332655159474,2.7
80.0,0.1440342081698946,2.7
80.0,0.14620572536123966,2.7
80.0,0.14427997277885052,2.7
80.0,0.14489248616540498,2.7
80.0,0.14475679184118354,2.7
80.0,0.14443488111109729,2.7
80.0,0.14466229260959512,2.7
80.0,0.14342132723288192,2.7
80.0,0.1455458217482615,2.7
80.0,0.1456845751046207,2.7
80.0,0.14289473671234648,2.7
80.0,0.14453518797958484,2.7
80.0,0.14457357639128043,2.7
90.0,0.1691862022268214,2.7
90.0,0.16805858891506548,2.7
90.0,0.16750310698039741,2.7
90.0,0.16779740751137914,2.7
90.0,0.16709639730039652,2.7
90.0,0.1671869285612802,2.7
90.0,0.16805379570284,2.7
90.0,0.16716156817072675,2.7
90.0,0.16896162665133868,2.7
90.0,0.17011764220501094,2.7
90.0,0.16911047773658494,2.7
90.0,0.16697182289790807,2.7
90.0,0.16815505576124848,2.7
90.0,0.16668761213647557,2.7
90.0,0.16785681082595388,2.7
90.0,0.16839990897762172,2.7
90.0,0.16792856494338626,2.7
90.0,0.16772870463957815,2.7
90.0,0.16808552944487576,2.7
90.0,0.1662146847123938,2.7
90.0,0.16767104007220546,2.7
90.0,0.16798938674054675,2.7
90.0,0.1682382935794619,2.7
90.0,0.16625113993371785,2.7
90.0,0.16848986081693368,2.7
100.0,0.19366421236201992,2.7
100.0,0.19112067002587932,2.7
100.0,0.1926346358412242,2.7
100.0,0.19080547470476195,2.7
100.0,0.19277891517807078,2.7
100.0,0.19150680033796733,2.7
100.0,0.18992319125754414,2.7
100.0,0.1916849400779058,2.7
100.0,0.19460005450542472,2.7
100.0,0.19207799804099693,2.7
100.0,0.1911168529134651,2.7
100.0,0.1914328051598157,2.7
100.0,0.19239296765736913,2.7
100.0,0.19106869121976763,2.7
100.0,0.1926615492512786,2.7
100.0,0.19271923336677196,2.7
100.0,0.1927180826023133,2.7
100.0,0.1910872028183208,2.7
100.0,0.19057814506361914,2.7
100.0,0.19359579906225183,2.7
100.0,0.19246109036524026,2.7
100.0,0.193416395312489,2.7
100.0,0.19282540737304835,2.7
100.0,0.19185272488181654,2.7
100.0,0.1923524712758562,2.7
110.0,0.21603387501965124,2.7
110.0,0.21693331242400896,2.7
110.0,0.21663873656565352,2.7
110.0,0.21557711076921066,2.7
110.0,0.2149979911616692,2.7
110.0,0.2159397746990893,2.7
110.0,0.21523858685529698,2.7
110.0,0.21728543030759265,2.7
110.0,0.2148926026636892,2.7
110.0,0.21562702888558835,2.7
110.0,0.21519413794100567,2.7
110.0,0.21491980234294342,2.7
110.0,0.21743699540671765,2.7
110.0,0.2161452809499898,2.7
110.0,0.21576860370989714,2.7
110.0,0.21572311463320984,2.7
110.0,0.21589083222221472,2.7
110.0,0.21628919325499357,2.7
110.0,0.2152822793530723,2.7
110.0,0.21646671837205742,2.7
110.0,0.2166665599090525,2.7
110.0,0.2170916332944763,2.7
110.0,0.2154364951339116,2.7
110.0,0.21690078073026597,2.7
110.0,0.21867869435187123,2.7
120.0,0.23885821995382692,2.7
120.0,0.23955771356965877,2.7
120.0,0.24045340502385476,2.7
120.0,0.23784807691571902,2.7
120.0,0.240833485433944,2.7
120.0,0.23747111421774175,2.7
120.0,0.23911466173739085,2.7
120.0,0.23854311145154866,2.7
120.0,0.23820464013521447,2.7
120.0,0.2396814700638649,2.7
120.0,0.23880767396601696,2.7
120.0,0.2409313497560873,2.7
120.0,0.24078422542676034,2.7
120.0,0.23936541925101715,2.7
120.0,0.23983973494661814,2.7
120.0,0.24024872184219714,2.7
120.0,0.24039647484953375,2.7
120.0,0.23947938208357183,2.7
120.0,0.24182888837778724,2.7
120.0,0.2404014310429293,2.7
120.0,0.2387241161343065,2.7
120.0,0.2376784379905085,2.7
120.0,0.24109092865862133,2.7
120.0,0.24115999066442223,2.7
120.0,0.24067364036655223,2.7
20.0,0.0010745243256787688,8.96
20.0,0.0015634674443722834,8.96
20.0,0.0015648741597609128,8.96
20.0,-0.0007673260856775603,8.96
20.0,0.00044136836495372325,8.96
20.0,0.00012748539000928563,8.96
20.0,2.221934099186437e-05,8.96
20.0,0.0008321966948769815,8.96
20.0,0.0009087671049441958,8.96
20.0,1.2890424071674813e-07,8.96
20.0,0.0008403849192518117,8.96
20.0,0.0006315230449272524,8.96
20.0,-0.00029200784032933086,8.96
20.0,0.0010216140122587289,8.96
20.0,-1.1576343717171721e-05,8.96
20.0,0.0005122732136206955,8.96
20.0,0.000998101537713385,8.96
20.0,0.0007576922427290553,8.96
20.0,0.0011746145691360445,8.96
20.0,-0.0003579427579325672,8.96
20.0,-0.00036196221246111285,8.96
20.0,-0.00115334709732405,8.96
20.0,-0.0001400293321436075,8.96
20.0,0.0010006100815694845,8.96
20.0,-0.0007494606633182096,8.96
30.0,0.016229648735996326,8.96
30.0,0.01617486100934722,8.96
30.0,0.016562822064230102,8.96
30.0,0.016907811111872312,8.96
30.0,0.015010313464971803,8.96
30.0,0.014908654838267484,8.96
30.0,0.01634356818746034,8.96
30.0,0.01781298842938476,8.96
30.0,0.017307514967049666,8.96
30.0,0.016318557369293864,8.96
30.0,0.015831362058910697,8.96
30.0,0.013493663039816084,8.96
30.0,0.017465647767230585,8.96
30.0,0.01481675164037413,8.96
30.0,0.014921068312912341,8.96
30.0,0.01634831400421062,8.96
30.0,0.014821130193240158,8.96
30.0,0.01588113393634875,8.96
30.0,0.015316499512956166,8.96
30.0,0.015112016842526449,8.96
30.0,0.01658521342597785,8.96
30.0,0.015890089654996012,8.96
30.0,0.016986252033593673,8.96
30.0,0.018611830369816774,8.96
30.0,0.01602635143288473,8.96
40.0,0.035149900464583356,8.96
40.0,0.03280919536916706,8.96
40.0,0.03315393881654052,8.96
40.0,0.0333302511246106,8.96
40.0,0.033488969377113965,8.96
40.0,0.0327816189810478,8.96
40.0,0.033215531796154635,8.96
40.0,0.0325475478490535,8.96
40.0,0.033644501299618476,8.96
40.0,0.03325801075972344,8.96
40.0,0.033440798675870735,8.96
40.0,0.03511059185708978,8.96
40.0,0.032395539114422646,8.96
40.0,0.033324383031899316,8.96
40.0,0.03231008081805162,8.96
40.0,0.03136722702844499,8.96
40.0,0.03288354101842486,8.96
40.0,0.03213617124369374,8.96
40.0,0.03114232976527037,8.96
40.0,0.0342163763276718,8.96
40.0,0.03358134439379427,8.96
40.0,0.032463056373629874,8.96
40.0,0.03359322284068908,8.96
40.0,0.033187728005972035,8.96
40.0,0.031161244515108474,8.96
50.0,0.04906860832805165,8.96
50.0,0.04891541566893493,8.96
50.0,0.04869717503815495,8.96
50.0,0.04935794892464015,8.96
50.0,0.04885521900985104,8.96
50.0,0.05012810600268905,8.96
50.0,0.050771435947990017,8.96
50.0,0.05136133381696891,8.96
50.0,0.04991046948543704,8.96
50.0,0.04999295221796066,8.96
50.0,0.047509917249921554,8.96
50.0,0.049142997001134885,8.96
50.0,0.048864837354288204,8.96
50.0,0.04924536425238171,8.96
50.0,0.05070534666448575,8.96
50.0,0.0503314918125136,8.96
50.0,0.049262762944351245,8.96
50.0,0.04830570465341057,8.96
50.0,0.04968278215129496,8.96
50.0,0.04945340723312435,8.96
50.0,0.04962146439328623,8.96
50.0,0.05031332302368556,8.96
50.0,0.04853353304228069,8.96
50.0,0.0481751126871958,8.96
50.0,0.04812508328462612,8.96
60.0,0.06386620018896116,8.96
60.0,0.06611273665359686,8.96
60.0,0.06578791828336752,8.96
60.0,0.0656009174028142,8.96
60.0,0.06559373750101724,8.96
60.0,0.06673747613768746,8.96
60.0,0.06503302552339471,8.96
60.0,0.06708238198817655,8.96
60.0,0.06541578005848778,8.96
60.0,0.06465682594641618,8.96
60.0,0.06616638533932713,8.96
60.0,0.06513954449112713,8.96
60.0,0.06532320742773429,8.96
60.0,0.0657031189904882,8.96
60.0,0.06584832295314894,8.96
60.0,0.06258439043498862,8.96
60.0,0.0668362570598965,8.96
60.0,0.06529066452996328,8.96
60.0,0.0650529586807938,8.96
60.0,0.06760536619834073,8.96
60.0,0.06517409673814545,8.96
60.0,0.06446472884738198,8.96
60.0,0.0650221858852712,8.96
60.0,0.06484995673593265,8.96
60.0,0.06621003721631431,8.96
70.0,0.08167389808643002,8.96
70.0,0.08130825878327665,8.96
70.0,0.08344655838653935,8.96
70.0,0.08178878686192137,8.96
70.0,0.08287626653236214,8.96
70.0,0.08122424192658352,8.96
70.0,0.08207393802515277,8.96
70.0,0.08151566115131448,8.96
70.0,0.08342506758607594,8.96
70.0,0.0800496593263313,8.96
70.0,0.08076795446804348,8.96
70.0,0.08324402699962825,8.96
70.0,0.083569447890888,8.96
70.0,0.07985475104398998,8.96
70.0,0.08366070918203812,8.96
70.0,0.08330535406837784,8.96
70.0,0.08226637842197042,8.96
70.0,0.08173994006893717,8.96
70.0,0.08127203715125898,8.96
70.0,0.08308946417533751,8.96
70.0,0.08286514404832526,8.96
70.0,0.08233877821427323,8.96
70.0,0.0819751369084729,8.96
70.0,0.08299795804280029,8.96
70.0,0.08179751049347694,8.96
80.0,0.09879321427405474,8.96
80.0,0.09900318925661789,8.96
80.0,0.09716891863754111,8.96
80.0,0.09763085233026575,8.96
80.0,0.09741589397466384,8.96
80.0,0.09867217344231205,8.96
80.0,0.09762767443699981,8.96
80.0,0.09774807726263252,8.96
80.0,0.09891800335310774,8.96
80.0,0.0978878929752656,8.96
80.0,0.09783359119115943,8.96
80.0,0.09860604696501489,8.96
80.0,0.09768925356870392,8.96
80.0,0.09830610414756141,8.96
80.0,0.097030452102557,8.96
80.0,0.0985414650080142,8.96
80.0,0.09882485827854244,8.96
80.0,0.09904973044248869,8.96
80.0,0.09637912831726783,8.96
80.0,0.09806658858694298,8.96
80.0,0.09915101247061225,8.96
80.0,0.09785215217036701,8.96
80.0,0.09880918404927999,8.96
80.0,0.09960637513595123,8.96
80.0,0.09831041098119776,8.96
90.0,0.11490513609968477,8.96
90.0,0.11502186728909904,8.96
90.0,0.11563352388354861,8.96
90.0,0.11412627767519422,8.96
90.0,0.11562563141306934,8.96
90.0,0.11408979714341369,8.96
90.0,0.1129163646998663,8.96
90.0,0.11596182554172506,8.96
90.0,0.11445662204548926,8.96
90.0,0.11410717590294026,8.96
90.0,0.11331955230127298,8.96
90.0,0.11548837167600703,8.96
90.0,0.11393055709544943,8.96
90.0,0.11530859257076134,8.96
90.0,0.11536724308020321,8.96
90.0,0.11560948852503218,8.96
90.0,0.11444328971091594,8.96
90.0,0.1161995746617984,8.96
90.0,0.11520421828824479,8.96
90.0,0.11703567923785912,8.96
90.0,0.11409315917835644,8.96
90.0,0.11535913837131732,8.96
90.0,0.1129213041020819,8.96
90.0,0.11547427003178419,8.96
90.0,0.11522332195390424,8.96
100.0,0.131306673178154,8.96
100.0,0.13166406740166856,8.96
100.0,0.13236650602156555,8.96
100.0,0.1315267729443031,8.96
100.0,0.13176679044855502,8.96
100.0,0.1306230294591431,8.96
100.0,0.13148891503491364,8.96
100.0,0.13291913737532743,8.96
100.0,0.13083508111700004,8.96
100.0,0.13136086111898512,8.96
100.0,0.13145671654783178,8.96
100.0,0.12988879350588886,8.96
100.0,0.13060677692877165,8.96
100.0,0.1314147306684195,8.96
100.0,0.13026248140599914,8.96
100.0,0.13068335133222436,8.96
100.0,0.13284806540711808,8.96
100.0,0.13088108211179336,8.96
100.0,0.1293939514502102,8.96
100.0,0.1318031974859078,8.96
100.0,0.1314063793606413,8.96
100.0,0.1322355468168212,8.96
100.0,0.13092359854185295,8.96
100.0,0.13232338410225628,8.96
100.0,0.13100713200957004,8.96
110.0,0.14773533085121512,8.96
110.0,0.14597651113665963,8.96
110.0,0.1466084247575351,8.96
110.0,0.14736094461317245,8.96
110.0,0.14896165998658933,8.96
110.0,0.14808608165403972,8.96
110.0,0.1465025783828407,8.96
110.0,0.14640137141631593,8.96
110.0,0.14859951822680148,8.96
110.0,0.1470454577162865,8.96
110.0,0.14749329493352356,8.96
110.0,0.147625424631959,8.96
110.0,0.14806878738371199,8.96
110.0,0.14792386940303592,8.96
110.0,0.1468133036928959,8.96
110.0,0.14637148800190064,8.96
110.0,0.14598356241329472,8.96
110.0,0.14791093104009803,8.96
110.0,0.14719325875569877,8.96
110.0,0.1471061376945461,8.96
110.0,0.14903362685280286,8.96
110.0,0.14785994050277848,8.96
110.0,0.14930540916813326,8.96
110.0,0.1493012086801995,8.96
110.0,0.1490437504963834,8.96
120.0,0.16321473515465867,8.96
120.0,0.16486130338721552,8.96
120.0,0.16268693021716205,8.96
120.0,0.164497633506379,8.96
120.0,0.16261766126560845,8.96
120.0,0.16357286393403475,8.96
120.0,0.16347973987327585,8.96
120.0,0.1631360051185536,8.96
120.0,0.16388552326784514,8.96
120.0,0.16510356702824655,8.96
120.0,0.1641394298985516,8.96
120.0,0.16471303804189558,8.96
120.0,0.16385139816350333,8.96
120.0,0.16568730478841828,8.96
120.0,0.16447084444929494,8.96
120.0,0.16493259807690516,8.96
120.0,0.16352629978866842,8.96
120.0,0.16536436050232817,8.96
120.0,0.16330799541438937,8.96
120.0,0.1643472194053398,8.96
120.0,0.1632034149407657,8.96
120.0,0.16370849264947418,8.96
120.0,0.1654859229462168,8.96
120.0,0.16408838724431046,8.96
120.0,0.16289506991595148,8.96
